{"cameraMode":{"drawMode":0,"name":"Shaded","section":"Shading Mode"},"sceneLighting":false,"audioPlay":false,"sceneViewState":{"showFog":true,"showMaterialUpdate":false,"showSkybox":true,"showFlares":true,"showImageEffects":true,"showParticleSystems":true},"in2DMode":false,"pivot":{"x":-3.5989699363708498,"y":23.309616088867189,"z":0.80535888671875},"rotation":{"x":0.09699205309152603,"y":0.030448220670223237,"z":0.002967625856399536,"w":-0.9948171973228455},"size":34.603981018066409,"orthographic":false}